model,rmse,mae
naive predictions,0.84369264896301,0.6315520075677797
xgboost_reg default,0.43179732199273496,0.29929677903731033
lgbm_reg default,0.4466441444040969,0.3157893302249526
rf_reg default,0.4593411333748768,0.29936873164517436
